ミス青山コンテスト,6,98,27,http://misscolle.com/img/contests/missaoyama2014/header.jpg?1404172914
ミス慶應コンテスト,6,99,25,http://misscolle.com/img/contests/misskeio2014/header.jpg?1405189030
ミス東大コンテスト,5,96,23,http://misscolle.com/img/contests/misstokyo2014/header.jpg?1404202616
ミス青山コンテスト,6,98,27,http://misscolle.com/img/contests/missaoyama2014/header.jpg?1404172914
ミス慶應コンテスト,6,99,25,http://misscolle.com/img/contests/misskeio2014/header.jpg?1405189030
ミス青山コンテスト,6,98,27,http://misscolle.com/img/contests/missaoyama2014/header.jpg?1404172914
ミス青山コンテスト,6,98,27,http://misscolle.com/img/contests/missaoyama2014/header.jpg?1404172914
ミス慶應コンテスト,6,99,25,http://misscolle.com/img/contests/misskeio2014/header.jpg?1405189030
ミス青山コンテスト,6,98,27,http://misscolle.com/img/contests/missaoyama2014/header.jpg?1404172914
ミス慶應コンテスト,6,99,25,http://misscolle.com/img/contests/misskeio2014/header.jpg?1405189030
